course_id,percentage
4,11
27,93
32,47
37,72
38,82
40,5
42,68
44,0
45,39
46,99
47,46
48,62
74,64
85,85
104,47
105,16
106,52
107,89
109,13
110,27
111,22
112,64
147,68
148,88
151,3
152,15
153,59
182,13
192,1
212,56
223,31
224,80
225,67
227,44
229,60
240,22
243,26
249,3
262,91
263,57
271,0
273,88
274,19
278,91
279,76
283,10
286,69
287,96
288,27
301,36
305,85
314,12
318,18
319,71
321,66
322,52
323,41
324,89
330,22
332,68
334,49
335,69
338,5
339,8
345,17
368,17
373,57
378,5
379,30
380,90
381,6
382,54
386,74
388,14
392,6
396,24
397,44
399,72
406,80
407,4
408,45
409,47
414,74
418,79
439,96
440,96
443,19
446,9
447,92
448,87
449,48
450,98
451,77
452,47
458,66
462,67
463,91
471,13
472,68
489,21
498,51
499,100
503,1
504,75
505,7
506,84
507,40
509,81
516,49
521,47
522,40
529,46
530,34
532,5
538,55
541,70
544,27
548,29
551,46
558,14
561,81
562,7
564,41
567,23
571,18
576,94
584,39
589,49
590,41
592,64
593,3
594,21
595,33
600,0
602,96
605,79
609,46
620,16
622,54
625,59
626,36
629,25
633,31
634,91
635,5
651,25
662,14
670,71
674,63
677,4
678,39
683,91
685,18
686,69
689,17
690,65
693,85
695,60
704,58
714,80
716,37
730,2
732,77
734,72
735,51
737,67
738,68
739,31
740,73
742,86
747,32
748,75
749,2
761,20
762,18
763,41
766,63
768,96
770,7
787,89
788,56
789,96
791,85
794,14
796,11
802,2
803,39
805,56
806,4
808,38
809,21
811,19
814,13
818,14
836,71
838,34
841,87
844,67
846,8
848,29
853,46
854,16
879,80
895,94
898,86
899,7
900,59
901,39
907,27
911,11
914,37
919,22
921,20
922,89
926,19
949,20
950,94
971,40
1022,23
1026,73
1031,22
1032,17
1034,86
1035,52
1037,53
1042,91
1043,46
1048,21
1050,57
1052,54
1053,38
1065,27
1075,67
1077,94
1081,31
1083,40
1086,94
1087,37
1089,37
1090,55
1091,4
1092,77
1093,42
1096,33
1108,99
1111,62
1113,37
1115,43
1116,12
1117,72
1118,45
1119,100
1120,85
1123,27
1124,50
1125,18
1132,42
1133,22
1135,0
1136,76
1137,39
1141,65
1144,3
1147,75
1150,40
1153,32
1159,15
1166,24
1179,80
1181,84
1182,7
1184,96
1185,94
1196,26
1200,29
1204,49
1206,27
1211,57
1212,64
1214,55
1215,82
1218,40
1232,34
1244,26
1245,32
1246,2
1258,92
1268,16
1287,44
1292,70
1293,59
1295,73
1298,99
1312,60
1319,14
1321,5
1323,95
1332,21
1333,24
1334,8
1337,57
1339,51
1345,48
1365,92
1375,33
1378,32
1381,60
1404,58
1405,55
1409,47
1411,79
1420,72
1424,61
1429,71
1430,59
1448,100
1449,26
1452,36
1453,9
1454,15
1456,50
1457,67
1458,3
1459,68
1460,23
1461,7
1492,36
1493,92
1497,86
1517,90
1521,25
1526,32
1528,27
1529,22
1532,85
1533,45
1534,60
1535,22
1536,35
1537,31
1538,82
1539,92
1541,35
1553,74
1554,57
1557,81
1562,68
1563,52
1584,51
1585,30
1597,72
1598,22
1612,16
1613,93
1614,11
1615,90
1616,41
1650,0
1651,100
1652,54
1653,61
1654,71
1655,60
1661,76
1667,66
1668,3
1669,21
1674,73
1679,6
1681,59
1682,100
1683,87
1692,49
1693,100
1695,44
1709,82
1710,20
1711,52
1712,36
1713,92
1714,86
1715,42
1719,76
1734,59
1735,15
1740,53
1741,8
1742,10
1744,72
1745,26
1746,73
1747,89
1750,97
1751,55
1752,96
1756,69
1757,64
1758,1
1761,57
1765,25
1766,82
1776,77
1777,76
1778,92
1779,19
1781,21
1782,43
1783,22
1796,80
1797,66
1798,77
1803,12
1804,23
1805,13
1806,11
1807,49
1809,13
1810,66
1811,54
1812,62
1813,98
1814,26
1815,57
1823,27
1827,18
1829,91
1830,39
1834,31
1836,61
1839,46
1841,99
1842,35
1843,68
1844,1
1850,35
1854,60
1856,61
1859,5
1860,2
1867,12
1873,45
1878,31
1883,43
1889,48
1890,19
1891,47
1892,66
1893,72
1908,35
1909,88
1919,58
1926,1
1933,75
1934,52
1938,98
1955,30
1956,54
1976,58
1978,72
1979,14
1980,6
1983,96
1986,93
1987,40
1988,4
1989,64
1991,0
1992,40
1993,36
1994,37
2006,0
2007,79
2020,60
2023,92
2027,38
2028,77
2033,84
2042,84
2043,63
2052,32
2053,81
2059,13
2060,69
2061,70
2063,74
2089,19
2090,98
2100,98
2104,42
2107,64
2111,81
2112,47
2145,63
2147,93
2148,8
2152,63
2153,64
2154,13
2155,74
2160,96
2166,39
2169,98
2185,76
2186,83
2189,85
2193,62
2198,43
2199,86
2200,100
2201,49
2211,49
2215,9
2216,29
2221,39
2223,79
2224,26
2225,83
2226,40
2229,56
2243,44
2245,98
2246,16
2248,69
2253,91
2265,69
2293,21
2315,91
2316,42
2329,65
2330,27
2331,18
2332,10
2333,16
2334,67
2335,23
2336,27
2337,47
2343,84
2385,90
2411,58
2412,82
2424,78
2436,18
2437,64
2440,41
2444,23
2448,77
2449,67
2454,86
2461,94
2464,2
2466,18
2469,80
2470,40
2474,90
2476,32
2480,87
2481,29
2482,68
2484,52
2485,39
2486,65
2487,71
2489,38
2490,9
2491,1
2497,47
2504,49
2505,7
2506,11
2507,12
2516,44
2517,97
2519,22
2520,64
2521,85
2522,60
2523,29
2524,47
2526,27
2532,25
2544,32
2545,46
2547,4
2551,19
2556,98
2558,75
2560,78
2580,32
2581,64
2591,82
2599,61
2618,42
2619,43
2620,11
2621,41
2623,73
2624,2
2625,1
2626,2
2628,85
2630,18
2632,90
2633,54
2634,90
2635,52
2636,72
2637,19
2638,30
2639,66
2654,65
2655,10
2656,95
2657,20
2659,4
2661,85
2662,3
2667,84
2668,68
2672,51
2673,71
2679,17
2689,11
2692,6
2697,75
2717,59
2718,54
2729,60
2730,81
2731,13
2732,3
2753,61
2754,14
2757,67
2761,4
2762,73
2763,48
2764,92
2765,8
2766,59
2776,11
2780,32
2781,91
2782,80
2783,83
2784,21
2792,59
2797,66
2799,100
2821,99
2863,4
2864,40
2865,25
2866,84
2867,9
2868,41
2882,77
2898,49
2925,33
2926,41
2937,16
2938,47
2949,23
2950,42
2951,66
2953,89
2954,65
2955,13
2956,33
2959,8
2962,87
2968,93
2972,96
2975,38
2981,40
2982,76
2983,34
2984,77
2992,1
3008,64
3014,77
3015,4
3016,7
3017,36
3018,22
3019,42
3021,28
3022,1
3028,72
3029,96
3031,32
3032,83
3033,27
3034,41
3042,17
3043,75
3045,31
3056,42
3067,30
3078,43
3087,17
3089,58
3114,12
3116,94
3117,47
3118,52
3119,30
3120,88
3121,43
3123,35
3129,17
3133,60
3162,27
3163,98
3164,11
3169,15
3171,65
3173,32
3175,34
3176,91
3177,52
3194,90
3195,2
3196,60
3197,95
3198,83
3199,59
3223,36
3228,8
3229,41
3231,1
3232,58
3233,72
3248,94
3252,65
3310,29
3311,59
3314,83
3315,99
3317,49
3342,96
3343,19
3357,62
3358,86
3361,7
3370,68
3373,46
3387,60
3404,63
3405,14
3406,44
3407,28
3409,84
3410,79
3420,8
3425,87
3426,34
3427,60
3428,9
3429,72
3430,17
3431,92
3432,57
3433,58
3434,89
3435,22
3436,67
3437,83
3441,89
3443,100
3445,98
3450,36
3451,71
3476,14
3483,27
3484,21
3485,83
3494,67
3497,55
3524,84
3525,94
3526,61
3530,49
3531,36
3535,33
3536,16
3543,28
3547,85
3550,47
3551,46
3552,24
3557,68
3562,95
3563,21
3564,11
3567,14
3571,91
3585,74
3590,38
3591,66
3592,53
3600,38
3610,99
3611,51
3613,29
3626,56
3627,88
3628,25
3648,43
3663,13
3664,56
3665,52
3666,12
3686,36
3708,81
3742,57
3743,0
3748,3
3762,30
3763,48
3764,89
3765,37
3767,14
3769,78
3770,48
3777,85
3779,82
3780,40
3793,75
3800,59
3801,86
3802,90
3808,11
3809,68
3810,54
3832,52
3835,89
3837,100
3838,27
3839,4
3840,1
3866,66
3868,43
3904,92
3906,91
3907,57
3908,49
3917,86
3918,82
3956,31
3957,22
3958,91
3959,12
3960,8
3990,3
3995,25
4008,83
4010,100
4011,26
4012,8
4014,36
4015,36
4018,14
4037,26
4038,91
4039,46
4041,9
4042,77
4043,35
4044,2
4045,75
4050,24
4051,1
4052,19
4053,42
4072,84
4081,46
4110,94
4114,13
4115,54
4116,63
4119,64
4120,83
4131,38
4132,96
4135,60
4136,75
4137,88
4143,64
4149,54
4168,86
4170,95
4184,49
4190,67
4192,72
4193,27
4229,69
4230,99
4231,3
4246,69
4258,94
4259,25
4260,81
4277,97
4278,76
4279,53
4294,88
4296,50
4297,87
4298,7
4299,13
4300,13
4301,27
4302,80
4303,24
4306,26
4307,0
4310,5
4311,12
4312,83
4313,25
4321,67
4322,49
4339,27
4340,0
4341,19
4342,75
4343,53
4345,37
4346,87
4399,72
4400,6
4454,70
4464,2
4477,85
4478,71
4479,30
4496,18
4502,53
4507,39
4508,19
4511,46
4518,10
4519,75
4522,29
4523,18
4527,93
4539,72
4542,68
4543,78
4546,84
4549,6
4553,39
4554,12
4556,2
4557,29
4558,20
4565,1
4566,14
4575,48
4578,85
4579,48
4581,54
4586,34
4591,35
4597,37
4604,96
4609,99
4615,50
4617,98
4618,4
4620,87
4624,51
4634,2
4635,57
4644,50
4652,38
4657,40
4658,96
4667,93
4677,45
4689,17
4691,25
4693,55
4696,52
4698,63
4699,12
4705,33
4711,0
4715,6
4738,61
4740,95
4742,95
4743,79
4746,84
4751,83
4756,62
4757,38
4762,40
4775,74
4776,69
4784,85
4790,97
4796,48
4801,44
4802,57
4803,92
4811,29
4817,36
4822,92
4824,48
4826,98
4827,66
4828,94
4830,72
4832,87
4837,67
4846,4
4849,4
4855,20
4862,95
4865,100
4872,99
4876,28
4883,13
4884,27
4888,75
4889,80
4892,53
4897,99
4898,100
4905,59
4910,30
4913,62
4915,61
4923,47
4930,45
4933,59
4949,12
4959,100
4967,66
4969,36
4988,0
4995,36
5005,75
5008,40
5009,50
5015,0
5025,94
5026,66
5032,49
5037,57
5048,57
5055,44
5067,5
5074,69
5075,95
5079,23
5080,65
5082,17
5083,100
5087,74
5089,98
5092,20
5095,82
5097,89
5105,29
5108,70
5109,62
5111,70
5113,52
5119,89
5129,8
5134,50
5138,66
5141,34
5144,75
5159,54
5164,76
5167,43
5168,13
5171,35
5175,41
5176,41
5187,25
5188,21
5189,97
5190,74
5192,52
5193,85
5198,1
5201,84
5202,14
5207,10
5209,80
5210,32
5212,17
5223,67
5227,80
5233,93
5234,56
5240,21
5242,86
5247,82
5250,84
5257,10
5258,23
5259,36
5273,56
5277,75
5281,97
5298,24
5299,32
5300,28
5302,54
5303,16
5306,25
5312,84
5317,97
5322,93
5324,19
5326,26
5332,75
5354,48
5357,56
5361,27
5367,19
5371,71
5375,47
5380,91
5386,57
5388,76
5391,24
5393,71
5398,9
5401,78
5402,94
5403,58
5407,90
5415,84
5416,80
5417,32
5418,10
5420,90
5421,57
5422,55
5426,48
5427,69
5428,95
5431,85
5440,42
5443,38
5444,54
5445,41
5448,30
5449,44
5450,10
5455,79
5458,36
5461,16
5467,100
5469,74
5475,2
5476,30
5492,23
5496,76
5499,81
5500,9
5507,46
5509,24
5512,59
5513,2
5515,84
5516,95
5519,36
5525,20
5530,97
5538,84
5541,99
5542,14
5543,82
5548,17
5549,2
5566,65
5574,88
5580,71
5592,72
5595,30
5596,67
5597,98
5602,72
5603,72
5610,27
5612,31
5615,70
5617,4
5619,52
5621,12
5625,99
5631,67
5643,71
5651,31
5653,97
5654,44
5657,97
5659,90
5670,23
5671,62
5674,95
5679,31
5681,19
5689,29
5693,77
5704,82
5705,53
5707,55
5713,39
5717,62
5720,85
5725,13
5726,69
5735,68
5738,98
5739,47
5740,65
5741,32
5743,12
5755,92
5758,79
5763,5
5765,90
5772,66
5773,77
5788,2
5790,30
5794,91
5795,92
5800,69
5806,9
5809,98
5827,14
5828,6
5829,77
5857,17
5861,49
5862,44
5875,1
5880,11
5895,76
5897,100
5898,8
5904,62
5914,56
5925,58
5932,7
5933,55
5935,50
5938,33
5941,46
5943,6
5949,75
5955,28
5963,83
5964,60
5970,55
5971,19
5972,51
5978,75
5981,83
5986,54
5993,34
5994,64
6005,11
6006,53
6024,3
6034,55
6042,43
6043,88
6048,80
6051,73
6052,20
6054,48
6065,90
6068,25
6069,43
6070,85
6073,60
6078,7
6082,64
6084,21
6094,83
6095,94
6096,89
6099,85
6100,71
6103,11
6106,52
6107,72
6113,25
6114,74
6123,80
6129,91
6131,29
6132,9
6156,83
6158,38
6159,82
6163,15
6165,2
6169,61
6173,99
6180,52
6183,73
6184,81
6189,53
6200,96
6201,52
6203,70
6208,74
6210,96
6213,70
6217,11
6225,55
6227,94
6230,46
6231,62
6232,50
6251,46
6254,56
6269,92
6272,1
6273,82
6277,48
6280,91
6281,93
6284,92
6290,26
6296,87
6297,85
6302,43
6303,53
6305,34
6306,19
6307,46
6309,3
6310,44
6311,35
6328,37
6334,38
6335,60
6337,73
6341,11
6343,100
6347,72
6348,51
6352,25
6358,72
6373,6
6376,93
6386,14
6389,86
6394,16
6395,22
6406,39
6412,7
6416,32
6418,56
6430,26
6431,91
6432,35
6435,0
6437,47
6439,54
6441,58
6450,39
6451,82
6453,83
6458,12
6466,88
6471,91
6472,81
6473,27
6477,33
6484,3
6491,98
6498,52
6499,56
6504,4
6506,88
6507,57
6508,32
6510,62
6511,95
6515,98
6536,20
6538,39
6542,58
6545,24
6546,93
6550,97
6552,76
6559,88
6564,52
6573,95
6574,82
6577,26
6578,45
6581,52
6582,7
6593,51
6594,16
6597,12
6598,45
6602,71
6603,91
6605,55
6609,6
6612,25
6618,19
6622,51
6624,21
6627,41
6629,59
6637,68
6654,82
6655,71
6665,24
6667,55
6673,35
6678,19
6682,31
6689,74
6690,31
6695,50
6700,28
6702,48
6705,81
6720,32
6721,65
6724,40
6725,25
6728,29
6737,54
6743,89
6748,20
6750,5
6751,85
6753,5
6758,52
6764,60
6766,59
6771,53
6772,21
6775,70
6776,5
6778,46
6782,95
6790,72
6791,93
6798,39
6801,41
6810,60
6815,17
6816,30
6818,83
6822,69
6826,53
6828,96
6833,60
6837,18
6840,89
6851,45
6854,97
6855,10
6864,99
6868,76
6883,16
6886,84
6897,72
6899,77
6900,38
6901,2
6904,68
6910,26
6913,74
6918,55
6920,66
6922,31
6925,9
6931,18
6936,88
6945,73
6952,12
6953,95
6964,28
6975,5
6977,42
6978,78
6979,93
6980,93
6987,9
6989,5
6993,43
6996,35
6997,49
7000,100
7003,51
7012,56
7025,87
7028,42
7035,58
7053,85
7058,82
7059,95
7065,20
7067,43
7072,13
7075,10
7078,74
7080,29
7083,41
7093,16
7098,56
7100,82
7104,5
7106,58
7107,100
7110,88
7111,11
7117,79
7118,62
7127,99
7129,1
7131,95
7134,56
7138,20
7140,46
7142,13
7145,85
7147,12
7149,8
7150,2
7155,89
7162,79
7170,81
7175,27
7177,0
7181,25
7196,84
7199,14
7212,4
7213,29
7221,11
7223,77
7234,49
7235,2
7248,13
7249,70
7251,15
7262,22
7265,40
7268,91
7271,76
7273,69
7282,66
7287,6
7306,61
7311,96
7314,10
7315,84
7322,17
7325,61
7330,4
7346,27
7352,9
7358,90
7362,55
7368,82
7371,8
7382,97
7385,35
7392,17
7400,31
7401,71
7403,2
7411,72
7414,67
7415,53
7421,13
7422,49
7426,17
7433,74
7437,9
7442,24
7444,41
7451,8
7461,34
7469,88
7470,67
7474,30
7482,42
7484,69
7489,77
7490,76
7497,88
7505,52
7510,74
7521,16
7523,66
7536,63
7554,8
7560,51
7570,78
7572,5
7605,65
7608,98
7610,28
7611,93
7613,85
7617,69
7618,1
7624,93
7634,77
7638,20
7646,89
7651,48
7660,57
7672,84
7676,100
7679,78
7683,83
7688,99
7690,84
7695,49
7701,67
7709,82
7720,83
7726,65
7728,91
7734,16
7762,22
7764,27
7770,35
7783,93
7798,59
7805,56
7821,64
7831,6
7834,79
7837,16
7839,23
7843,52
7848,0
7852,72
7871,86
7892,54
7894,78
7898,28
7901,38
7910,73
7915,33
7918,16
7925,18
7928,72
7931,1
7933,95
7946,12
7960,58
7972,64
7977,84
7978,46
7986,56
7993,90
7997,62
7998,97
8003,97
8005,100
8006,8
8016,68
8022,51
8031,39
8032,61
8035,16
8045,35
8052,2
8058,47
8062,49
8072,100
8081,65
8098,29
8104,56
8122,27
8135,44
8146,98
8147,45
8156,21
8164,48
8176,33
8179,89
8195,69
8196,16
8197,89
8250,51
8256,97
8257,45
8259,46
8273,34
8281,19
8284,17
8285,53
8296,46
8301,12
8318,50
8328,29
8333,70
8339,4
8351,96
8381,61
8383,86
8401,45
8407,88
8411,36
8414,30
8423,70
8424,73
8425,65
8455,16
8456,13
8462,89
8484,99
8494,4
8505,54
8512,11
8519,9
8523,9
8533,99
8534,100
8539,94
8545,82
8554,98
8556,89
8563,21
8566,57
8573,0
8574,4
8611,52
8612,55
8631,84
8643,57
8661,69
8669,41
8679,0
8689,44
8719,82
8721,44
8732,37
8744,73
8745,6
8755,74
8791,89
8827,89
8852,53
9000,19
9001,41
9014,80
9015,93
9017,57
9018,51
9019,10
9025,33
9026,19
9027,82
9029,10
9030,67
9733,91
9734,30
9735,36
9736,18
9787,90
9790,0
10004,68
10005,96
10006,62
10007,0
10008,100
10009,19
10010,27
10011,89
10062,98
10063,40
10064,83
10065,56
10066,39
10067,74
10068,11
10069,83
10070,65
10071,38
10072,85
10073,43
10313,66
10321,22
10322,44
10323,19
10325,37
10475,94
10476,98
10482,89
10498,7
10499,36
10501,6
10504,55
10513,40
10526,32
10529,19
10535,64
10538,46
10543,13
10551,45
10555,27
10556,71
10557,78
10558,75
10561,15
10562,6
10563,30
10564,89
10565,64
10566,21
10568,93
10574,53
10575,33
10576,16
10577,46
10578,8
10579,22
10580,48
10581,58
10582,23
10583,42
10584,36
10585,26
10586,61
10587,77
10588,79
10589,56
10590,23
10591,36
10592,81
10593,24
10594,19
10595,51
10635,29
10636,70
10640,78
10643,34
10645,15
10831,98
10833,66
10835,54
10839,45
10844,21
10846,89
10849,50
10850,13
10852,82
10855,24
11186,29
11228,58
11229,83
11300,25
11691,54
11692,56
11693,82
11694,14
11947,85
12011,41
12017,6
12018,12
12019,91
12023,7
12024,69
12031,19
12035,42
12038,58
12040,39
12043,28
12044,49
12045,85
12073,28
12074,85
12079,36
12080,77
12085,43
12086,57
12090,50
12091,80
12092,33
12096,84
12097,3
12101,7
12102,26
12103,46
12104,64
12106,13
12107,31
12108,98
12109,54
12110,60
12111,57
12112,89
12113,40
12114,26
12115,29
12117,26
12121,45
12122,71
12123,63
12124,24
12125,48
12126,92
12127,65
12128,48
12129,76
12130,19
12131,18
12132,2
12133,61
12134,90
12135,57
12136,81
12137,74
12138,66
12139,7
12140,84
12141,15
12142,94
12190,99
12194,6
12200,85
12201,84
12203,43
12204,39
12206,14
12207,70
12208,13
12209,34
12210,0
12211,25
12212,52
12213,97
12214,29
12216,78
12227,35
12229,62
12230,31
12232,78
12233,12
12370,44
12547,74
12554,36
12576,3
12577,48
12578,57
12584,35
12793,62
12796,97
12797,33
12799,17
12800,64
12802,95
12803,23
12804,5
12805,83
12806,0
12807,79
12808,88
12809,61
12810,62
12811,56
12815,56
12817,5
12818,17
12819,79
12820,7
13243,42
13244,80
13245,34
13246,58
13247,57
13248,32
13249,44
13250,71
13251,17
13252,7
13253,79
13254,92
13255,100
13256,94
13257,79
13258,5
13259,74
13260,13
13261,22
13262,27
13263,11
13264,78
13265,19
13266,5
13267,92
13268,76
13269,23
13270,32
13271,7
13272,48
14189,7
14298,77
14307,58
14319,13
14323,33
14641,99
14642,48
15053,42
15055,83
15058,99
15059,92
15063,36
15064,45
16042,54
16043,19
16044,80
16046,22
16404,77
16406,48
16407,93
16409,93
16411,80
16412,96
16413,3
16415,69
16416,24
16417,84
16418,12
16419,84
16422,93
16423,69
16424,83
16425,93
16426,97
16427,58
16428,60
16429,74
16430,79
16431,40
16433,46
16434,1
16435,55
16436,77
16437,32
16438,29
16439,56
16440,78
16441,15
16442,79
16443,20
16444,60
16445,36
16446,44
16447,67
16448,66
16449,58
16450,30
16526,65
17145,85
17147,31
17150,29
17161,29
17165,75
17186,19
17189,30
17192,55
17196,97
17201,25
17205,1
17208,49
17227,22
17231,53
17236,62
17237,9
17501,30
17502,3
17504,3
17506,53
17508,95
17510,54
17513,61
17515,10
17516,64
17520,2
17522,0
17524,44
17525,19
17528,25
20098,6
28114,45
28115,68
28116,1
28117,60
28118,99
28119,29
28120,52
28121,33
28122,58
28123,94
28124,66
28125,68
28126,79
28127,93
28128,50
28129,48
28130,11
28131,24
28132,53
28133,53
28134,99
28135,58
28136,57
28137,27
28138,41
28139,57
28140,14
28141,5
28142,14
28143,66
28144,87
28145,41
28146,94
28147,67
28148,92
28149,28
28150,6
28151,66
28152,83
28153,36
28154,58
28155,14
28156,29
28157,66
28158,71
28159,15
28160,79
28161,74
28162,14
28163,61
28189,91
28190,14
28191,46
28192,86
28193,86
28194,64
28195,38
28196,16
28197,80
28198,96
28199,84
28200,98
28201,69
28202,46
28203,16
28204,76
28206,85
28207,63
28208,18
28209,44
28210,80
28211,37
28213,44
28214,34
28215,87
28216,81
28218,14
28219,30
28220,18
28221,70
28222,56
28223,22
28224,43
28225,26
28226,22
28227,74
28519,71
28520,85
28521,87
28982,86
28983,99
28984,4
28985,51
28986,28
28987,1
28989,89
31926,34
31927,98
31929,24
31930,16
31931,11
31932,69
31933,52
31934,64
31935,53
31936,72
31937,86
31938,57
31939,13
31940,44
31941,43
31942,19
31943,72
31944,77
31945,9
31949,91
31950,45
31951,36
31953,11
31954,98
31957,49
31958,91
31959,100
31960,71
31961,20
31964,21
32028,72
32029,91
32030,71
32032,100
32033,80
32034,59
32035,29
32036,80
32037,26
32038,71
32039,45
32040,76
32041,4
32042,19
32043,52
32044,25
32045,95
32046,70
32047,7
32048,86
32049,5
32050,41
32051,15
32052,13
32053,18
32054,2
32055,99
32056,60
32057,2
32058,12
32059,58
32064,21
32065,10
32066,5
32067,60
32068,41
32069,13
32070,76
32071,26
32072,58
32073,76
32074,62
32077,55
32096,59
32097,93
32117,82
32118,66
32119,60
32120,26
32121,1
32122,26
32123,68
32124,75
32125,62
32141,79
33234,11
33236,99
33237,5
33238,98
33239,37
33240,31
33241,63
33243,55
33244,75
33245,9
33246,42
33247,12
33248,90
33249,2
33250,17
33251,65
33255,8
33256,62
33258,9
33259,59
33500,64
33501,34
33502,68
33503,59
33504,66
33505,99
33506,81
33507,28
33508,1
33509,39
33510,32
33511,100
33512,27
33513,11
33514,77
33515,33
33516,92
33518,40
33519,37
33520,69
33521,33
33522,71
33523,15
33524,93
33525,54
33526,61
33527,72
33528,37
33539,2
33540,38
33541,43
33558,29
33559,18
33560,9
33561,46
33562,77
33563,23
33564,24
33565,22
33566,70
33567,5
33568,9
33569,86
33570,87
33571,59
33572,51
33573,87
33574,65
33575,71
33576,81
33577,3
33578,8
33579,58
33580,27
33632,64
33706,16
33708,57
33762,5
33763,71
33765,2
33766,96
33767,73
33768,21
33769,62
33770,18
34105,8
34106,49
34116,81
34121,20
34124,20
34129,7
34130,78
34131,95
34132,22
34133,28
34134,93
34156,57
34158,18
34159,98
34160,83
34161,54
34162,54
34163,20
34164,90
34165,100
34166,17
34167,10
34168,90
34169,58
34170,66
34171,100
34172,16
34175,39
34176,45
34177,1
34179,90
34180,91
34181,82
34182,91
34183,96
34184,22
34185,19
34186,50
34188,24
34189,67
34190,70
34191,94
34192,60
34193,7
34194,95
34195,48
34196,39
34197,47
34198,58
34199,44
34200,16
34201,96
34202,83
34203,8
34204,37
34205,10
34207,82
34208,51
34209,63
34211,73
34212,31
34213,55
34214,48
34216,78
34468,13
34471,2
34472,65
34473,98
34474,17
34475,58
34476,47
34478,1
34479,33
34480,21
34481,88
34482,63
34483,26
34484,35
34485,5
34486,71
34492,99
34493,15
34494,90
34495,46
34497,73
34498,59
34500,8
34501,8
34515,5
34524,31
34525,90
34526,16
34529,99
34530,30
34533,54
34534,5
34536,47
34540,69
34542,17
34544,61
34562,93
34563,5
34565,32
34566,8
34567,93
34568,40
34569,96
34570,4
34571,97
34572,39
34573,66
34574,46
34575,43
34576,42
34577,27
34578,15
34593,37
34594,59
34595,26
34596,2
34597,25
34598,95
34599,31
34601,11
34603,2
34607,65
34608,47
34685,39
34686,60
34687,83
34688,14
34689,45
34690,7
34691,19
34692,76
34693,42
34694,71
34695,32
35165,47
35166,15
35167,20
35169,23
35170,74
35171,30
35172,51
35173,44
35174,95
35175,46
35176,83
35177,24
35178,20
35179,60
35180,79
35181,24
35182,94
35183,30
35184,44
35185,52
35186,83
35187,49
35188,84
35189,4
35190,78
35191,85
35192,55
35198,69
35199,71
35201,27
35202,79
35203,35
35204,38
35205,1
35206,14
35207,19
35208,26
35209,88
35210,0
35212,1
35213,23
35214,2
35215,26
35216,15
35217,85
35218,17
35219,49
35220,10
35221,90
35222,64
35223,83
35224,71
35227,57
35228,22
35229,26
35230,22
35231,48
35232,65
35233,25
35235,43
35236,81
35238,29
35239,59
35240,14
35241,32
35242,79
35243,77
35244,11
35245,66
35250,20
35251,29
35252,99
35253,25
35254,35
35255,8
35256,63
35258,66
35259,98
35261,1
35262,12
35263,6
35264,99
35265,40
35267,25
35269,2
35270,60
35271,51
35272,41
35273,3
35276,81
35278,3
35279,77
35280,86
35281,14
35282,65
35283,7
35284,99
35285,17
35286,86
35287,10
35288,35
35289,56
35290,21
35291,64
35292,63
35293,100
35294,53
35295,93
35296,74
35297,76
35298,54
35299,40
35300,4
35301,100
35302,80
35304,78
35318,13
35319,19
35322,17
35324,96
35330,85
35344,21
35347,99
35348,45
35349,29
35350,40
35351,87
35352,83
35354,34
35359,10
35360,39
35362,81
35363,53
35365,58
35366,16
35367,68
35368,99
35369,60
35370,54
35371,4
35372,72
35373,96
35374,6
35375,36
35376,24
35377,44
35378,51
35379,48
35387,76
35394,83
35396,81
35398,67
35399,17
35400,67
35401,57
35402,100
35403,76
35404,1
35405,57
35406,32
35407,13
35411,6
35412,33
35413,60
35414,28
35415,51
35416,19
35417,0
35418,89
35419,47
35420,25
35426,69
35431,92
35434,33
35435,57
35436,44
35437,17
35438,65
35439,52
35440,57
35441,91
35442,97
35443,12
35444,76
35445,52
35446,1
35447,84
35448,95
35450,17
35451,100
35455,74
35456,75
35457,23
35458,66
35461,47
35462,35
35463,83
35465,47
35466,8
35467,4
35474,54
35475,44
35476,44
35477,12
35483,94
35485,59
35486,59
35487,48
35488,3
35489,45
35490,78
35491,75
35492,37
35495,67
35496,24
35497,93
35498,96
35500,81
35501,79
35502,8
35503,40
35505,41
35531,42
35532,16
35533,31
35534,48
35535,35
35536,93
35538,50
35539,54
35540,17
35541,90
35542,72
35543,0
35544,93
35545,44
35546,95
35547,86
35548,12
35549,54
35550,83
35551,78
35552,59
35553,63
35554,15
35555,6
35556,15
35557,29
35558,59
35559,66
35560,74
35561,42
35562,48
35563,78
35564,1
35565,49
35566,3
35567,98
35568,19
35570,38
35571,91
35572,70
35595,57
35596,14
35620,7
35621,19
35622,86
35700,57
35701,18
35702,25
35703,93
35704,57
35705,92
35706,9
35707,9
35708,3
35709,19
35710,89
35711,78
35712,82
35713,73
35714,46
35715,26
35716,67
35717,24
35718,15
35719,13
35720,58
35721,96
35722,3
35723,27
35724,74
35725,75
35726,81
35727,54
35728,97
35729,86
35730,90
35797,63
35821,38
35974,12
35975,29
35976,80
35977,73
35978,29
35979,57
35980,91
35981,51
35982,28
35983,83
35984,53
35985,12
35986,39
35987,68
35988,64
35989,88
35990,21
35991,96
35992,47
35993,71
35994,6
35995,77
35996,99
36001,98
36002,54
36006,60
36007,45
36008,50
36009,5
36034,28
36039,59
36040,18
36041,0
36042,93
36043,73
36048,51
36049,30
36050,26
36051,75
36052,4
36053,32
36068,90
36069,64
36070,91
36071,53
36072,2
36073,99
36074,7
36075,70
36076,68
36077,98
36078,62
36079,68
36084,86
36085,50
36086,88
36087,49
36088,33
36089,63
36090,62
36091,51
36092,65
36093,99
36094,71
36095,76
36096,94
36097,23
36101,74
36102,39
36103,66
36104,76
36105,5
36106,79
36107,87
36108,13
36109,71
36110,80
36111,90
36112,93
36113,28
36114,89
36115,15
36116,28
36117,74
36118,38
36119,26
36120,21
36121,70
36122,90
36123,36
36124,100
36125,6
36126,52
36127,52
36128,28
36129,56
36130,56
36131,13
36132,42
36133,80
36134,38
36135,41
36137,13
36138,64
36139,36
36171,37
36172,50
36173,81
36174,30
36176,31
36177,61
36179,93
36180,23
36181,96
36182,37
36183,67
36184,39
36185,93
36187,23
36189,69
36190,43
36191,86
36192,5
36193,10
36194,73
36195,32
36196,58
36197,54
36198,47
36199,88
36200,18
36201,44
36202,96
36203,92
36204,49
36205,70
36206,83
36207,57
36208,87
36209,100
36210,81
36211,40
36212,90
36213,24
36214,2
36215,100
36216,59
36217,58
36218,15
36219,5
36220,15
36221,7
36222,46
36223,49
36224,86
36225,3
36226,14
36227,24
36228,11
36229,40
36230,7
36231,82
36232,73
36233,62
36234,9
36235,65
36236,59
36237,38
36238,32
36239,13
36240,67
36241,69
36242,12
36243,68
36244,69
36245,92
36246,67
36247,92
36248,57
36256,72
36257,33
36258,40
36259,49
36260,53
36261,38
36262,22
36263,88
36264,83
36265,95
36266,68
36267,3
36268,18
36269,88
36270,82
36271,39
36272,61
36273,5
36274,53
36275,27
36276,21
36277,68
36278,53
36279,13
36280,96
36281,54
36282,100
36283,75
36284,66
36285,66
36286,96
36287,74
36288,42
36289,60
36290,81
36291,68
36292,30
36293,14
36294,9
36295,92
36296,63
36297,48
36298,16
36299,83
36300,58
36301,34
36302,20
36303,80
36304,93
36305,96
36306,8
36307,3
36308,79
36310,65
36311,31
36312,74
36315,89
36324,27
36326,91
36327,44
36328,33
36329,87
36330,98
36331,54
36332,31
36333,58
36334,71
36335,81
36336,94
36337,18
36338,12
36348,75
36349,37
36350,35
36351,7
36352,28
36353,33
36354,25
36355,29
36356,67
36357,37
36358,65
36359,37
36360,30
36361,29
36362,40
36363,63
36364,13
36365,75
36366,59
36367,41
36368,97
36369,18
36370,19
36371,40
36372,76
36373,8
36377,12
36378,97
36379,83
36384,18
36402,94
36403,39
36404,84
36408,80
36414,99
36415,36
36416,100
36417,41
36418,39
36419,13
36420,29
36422,45
36423,56
36424,72
36425,65
36426,95
36427,37
36428,22
36432,28
36433,72
36434,4
36435,63
36436,31
36437,33
36438,94
36439,46
36440,15
36441,45
36442,19
36443,49
36444,55
36445,6
36446,52
36447,68
36448,79
36449,34
36450,29
36451,72
36452,55
36453,58
36454,30
36455,29
36456,80
36457,34
36458,23
36459,83
36460,29
36461,16
36462,28
36463,61
36539,44
36540,17
36541,66
36542,96
36543,7
36544,43
36545,48
36549,92
36550,72
36551,15
36554,46
36555,50
36556,54
36557,73
36558,77
36559,58
36561,43
36562,50
36567,35
36568,84
36569,16
36594,60
36595,100
36596,72
36597,23
36598,66
36599,60
36600,98
36601,62
36602,73
36603,35
36604,68
36605,67
36606,1
36607,27
36608,44
36640,84
36641,41
36642,90
36643,45
36644,68
36645,100
36646,7
36647,45
36648,12
36649,80
36650,59
36651,0
36652,92
36653,95
36654,81
36655,99
36656,15
36657,96
36658,62
36659,5
36660,0
36661,8
36700,34
36789,96
36790,3
36791,11
36792,61
36793,79
36794,74
36795,7
36796,56
36797,76
37020,9
37021,22
37022,59
37023,39
37024,79
37025,70
37026,59
37027,53
37028,49
37029,95
37175,71
37176,48
37177,94
37178,73
37179,25
37180,19
37181,4
37182,80
37189,87
37242,84
37243,87
37244,93
37245,5
37246,13
37247,16
37248,43
37249,33
37250,3
37251,45
37252,63
37253,28
37254,37
37255,5
37256,70
37257,17
37258,47
37259,68
37260,36
37261,18
37262,62
37263,74
37264,48
37265,46
37266,4
37267,25
37268,83
37269,11
37270,77
37271,85
37272,94
37273,87
37274,8
37275,71
37276,30
37277,23
37278,91
37279,4
37280,82
37281,0
37282,49
37283,61
37284,30
37285,44
37286,92
37287,90
37288,51
37289,85
37290,5
37291,13
37292,20
37293,60
37294,95
37295,33
37296,67
37297,54
37298,94
37299,51
37300,61
37301,58
37302,8
37303,30
37304,77
37306,43
37307,99
37308,88
37309,1
37310,64
37311,48
37312,39
37313,95
37328,70
37357,30
37358,31
37359,15
37363,80
37364,5
37365,2
37529,97
37530,42
37531,30
37532,18
37533,42
37534,93
37535,65
37536,21
37537,86
37538,59
37539,100
37540,64
37541,21
37543,68
37544,89
37545,63
37546,84
37547,26
37548,82
37549,8
37552,36
37652,58
37653,82
37654,61
37655,89
37656,14
37657,17
37658,90
37659,83
37660,45
37661,51
37662,58
37663,50
37664,82
37667,96
37668,79
37700,85
37701,63
37702,70
37703,35
37704,93
37710,84
37711,23
37712,79
37715,9
37716,16
37717,17
37719,3
37721,96
37723,95
37724,37
37725,0
37726,42
37727,76
37729,31
37730,72
37731,65
37732,6
37733,36
37734,56
37735,28
37736,75
37737,10
37738,45
37739,18
37740,33
37751,95
37764,25
37769,64
37770,29
37771,53
37772,33
37773,68
37774,48
37775,96
37776,55
37777,82
37778,84
37779,57
37780,73
37781,86
37782,9
37783,39
37784,85
37785,45
37786,11
37787,16
37788,64
37789,75
37790,20
37791,90
37792,19
37793,94
37794,90
37795,97
37796,78
37797,32
37801,26
37802,79
37803,82
37804,67
37805,9
37806,57
37807,90
37808,31
37809,9
37810,64
37811,64
37812,23
37813,27
37814,5
37815,100
37816,24
37817,31
37818,32
37819,19
37820,56
37821,59
37822,79
37823,46
37824,34
37825,0
37826,62
37827,18
37828,41
37829,56
37830,99
37831,60
37832,25
37833,30
37834,70
37835,93
37837,58
37838,83
37839,50
37840,42
37841,74
37842,99
37843,29
37844,58
37845,58
37846,80
37847,63
37848,21
37849,17
37850,37
37851,33
37852,8
37853,87
37854,32
37855,93
37856,22
37857,51
37858,45
37859,12
37860,71
37861,17
37862,18
37863,74
37864,99
37865,38
37866,37
37867,71
37868,82
37903,79
37904,37
37967,40
37968,92
37969,72
38191,13
38202,11
38203,80
38204,1
38406,26
38407,12
38413,41
38414,93
38415,1
38416,2
38417,68
38418,77
38600,69
38850,67
38851,16
38852,97
38853,22
38854,11
38855,73
38856,76
38857,23
38858,54
38859,28
38860,55
38861,23
38862,30
38863,24
38864,77
38865,92
38866,9
38867,19
38868,46
38869,47
38870,78
38871,55
38872,67
38873,62
38874,0
38875,36
38876,55
38877,2
38878,82
38879,14
38880,72
38881,87
38882,42
38883,94
38884,57
38885,3
38886,78
38887,31
38888,23
38889,41
38890,38
38891,21
38892,40
38893,48
38894,17
38895,15
38896,54
38912,14
38913,72
38914,67
38915,14
38916,54
38917,88
38918,81
38919,26
38920,29
38921,56
38922,58
38923,60
38924,65
38925,94
38926,9
38927,82
38928,25
38929,16
38930,73
38931,64
38932,59
38933,36
38934,46
38935,80
38936,88
38937,85
38938,35
38939,31
38940,6
38941,9
38942,12
38943,93
38944,76
39026,61
39027,2
39141,48
39142,95
39143,41
39144,36
39145,31
39146,99
39147,56
39148,98
39149,43
39150,34
39151,82
39152,36
39153,20
39154,18
39155,54
39156,74
39161,1
39162,52
39163,25
39164,60
39165,32
39166,28
39168,16
39169,75
39170,72
39171,74
39172,26
39173,21
39174,46
39175,65
39176,7
39177,43
39178,27
39179,88
39180,50
39181,60
39182,71
39183,18
39184,99
39185,61
39186,63
39187,92
39188,2
39189,15
39190,5
39191,8
39192,28
39193,44
39194,22
39195,74
39196,3
39197,58
39198,67
39199,16
39200,95
39201,88
39202,33
39203,74
39204,62
39205,40
39206,61
39207,68
39208,32
39209,92
39210,54
39211,60
39220,30
39224,20
39225,64
39226,24
39227,93
39228,89
39229,56
39230,48
39231,14
39232,70
39233,67
39234,81
39235,5
39236,0
39237,49
39238,67
39239,27
39240,8
39241,17
39242,78
39287,7
39288,44
39289,16
39290,7
39291,66
39292,68
39293,80
39294,31
39295,9
39296,83
39297,93
39298,81
39299,45
39300,96
39301,1
39302,14
39303,35
39304,65
39305,26
39306,9
39307,62
39308,31
39309,39
39310,84
39311,63
39312,77
39313,1
39786,31
39787,65
39788,87